,metric,score
0,accuracy,0.9017965525613013
1,recall,0.2413793103448276
2,precision,0.6808510638297872
3,f1,0.35640413683373107
4,f_1/2,0.4991087344028521
5,f_1.5,0.30119983450558546
