,metric,score
0,accuracy,0.9033746054867686
1,recall,0.25969827586206895
2,precision,0.6885714285714286
3,f1,0.37715179968701096
4,f_1/2,0.5176116838487973
5,f_1.5,0.321267432321575
