,metric,score
0,accuracy,0.9013109978150037
1,recall,0.2510775862068966
2,precision,0.6638176638176638
3,f1,0.36434714620797504
4,f_1/2,0.4995711835334477
5,f_1.5,0.3104756047560476
