,metric,score
0,accuracy,0.8996115562029618
1,recall,0.21443965517241378
2,precision,0.67003367003367
3,f1,0.3248979591836735
4,f_1/2,0.470226843100189
5,f_1.5,0.27117400419287213
